中国工商银行股份有限公司|管理人TA|81
中国工商银行股份有限公司|公募产品代销|002
中国农业银行股份有限公司|管理人TA|82
中国农业银行股份有限公司|公募产品代销|003
中国银行股份有限公司|管理人TA|83
中国银行股份有限公司|公募产品代销|004
中国建设银行股份有限公司|管理人TA|84
中国建设银行股份有限公司|公募产品代销|005
交通银行股份有限公司|管理人TA|85
交通银行股份有限公司|公募产品代销|006
招商银行股份有限公司|公募产品代销|007
招商银行股份有限公司|外包TA|Z8
中信银行股份有限公司|公募产品代销|008
上海浦东发展银行股份有限公司|公募产品代销|009
深圳发展银行股份有限公司(同平安银行股份有限公司合并)|公募产品代销|010
兴业银行股份有限公司|公募产品代销|011
中国光大银行股份有限公司|管理人TA|80
中国光大银行股份有限公司|公募产品代销|012
中国民生银行股份有限公司|公募产品代销|014
中国邮政储蓄银行股份有限公司|公募产品代销|015
北京银行股份有限公司|公募产品代销|016
华夏银行股份有限公司|公募产品代销|017
上海银行股份有限公司|公募产品代销|018
上海银行股份有限公司|外包TA|S4
广发银行股份有限公司|公募产品代销|019
平安银行股份有限公司|公募产品代销|020
平安银行股份有限公司|外包TA|TG
宁波银行股份有限公司|公募产品代销|021
宁波银行股份有限公司|外包TA|S6
上海农村商业银行股份有限公司|公募产品代销|022
北京农村商业银行股份有限公司|公募产品代销|023
青岛银行股份有限公司|公募产品代销|024
徽商银行股份有限公司|公募产品代销|025
浙商银行股份有限公司|公募产品代销|026
东莞银行股份有限公司|公募产品代销|027
杭州银行股份有限公司|公募产品代销|028
南京银行股份有限公司|公募产品代销|029
临商银行股份有限公司|公募产品代销|030
温州银行股份有限公司|公募产品代销|031
汉口银行股份有限公司|公募产品代销|032
江苏银行股份有限公司|公募产品代销|033
渤海银行股份有限公司|公募产品代销|034
渤海银行股份有限公司|外包TA|S7
江苏张家港农村商业银行股份有限公司|公募产品代销|035
深圳农村商业银行股份有限公司（深圳农村商业银行）|公募产品代销|036
洛阳银行股份有限公司|公募产品代销|037
乌鲁木齐市商业银行股份有限公司|公募产品代销|038
烟台银行股份有限公司|公募产品代销|039
齐商银行股份有限公司|公募产品代销|040
大连银行股份有限公司|公募产品代销|041
浙江民泰商业银行股份有限公司|公募产品代销|042
哈尔滨银行股份有限公司|公募产品代销|043
重庆银行股份有限公司|公募产品代销|044
浙江稠州商业银行股份有限公司|公募产品代销|045
东莞农村商业银行股份有限公司|公募产品代销|046
天津银行股份有限公司|公募产品代销|047
河北银行股份有限公司|公募产品代销|048
嘉兴银行股份有限公司|公募产品代销|049
广州银行股份有限公司|公募产品代销|050
江苏常熟农村商业银行股份有限公司|公募产品代销|051
佛山顺德农村商业银行股份有限公司|公募产品代销|052
重庆农村商业银行股份有限公司|公募产品代销|053
江苏吴江农村商业银行股份有限公司|公募产品代销|054
西安银行股份有限公司|公募产品代销|055
金华银行股份有限公司|公募产品代销|056
江苏江南农村商业银行股份有限公司|公募产品代销|057
包商银行股份有限公司|公募产品代销|058
长沙银行股份有限公司|公募产品代销|059
江苏江阴农村商业银行股份有限公司|公募产品代销|060
江苏昆山农村商业银行股份有限公司|公募产品代销|061
厦门银行股份有限公司|公募产品代销|062
郑州银行股份有限公司|公募产品代销|063
广州农村商业银行股份有限公司|公募产品代销|064
成都农村商业银行股份有限公司|公募产品代销|065
吉林银行股份有限公司|公募产品代销|067
苏州银行股份有限公司|公募产品代销|069
珠海华润银行股份有限公司|公募产品代销|070
杭州联合农村商业银行股份有限公司|公募产品代销|071
威海市商业银行股份有限公司|公募产品代销|072
南充市商业银行股份有限公司|公募产品代销|073
长安银行股份有限公司|公募产品代销|074
花旗银行(中国)有限公司|公募产品代销|075
南洋商业银行（中国）有限公司|公募产品代销|076
东亚银行( 中国) 有限公司|公募产品代销|077
汇丰银行（中国）有限公司|公募产品代销|078
星展银行（中国）有限公司|公募产品代销|079
渣打银行（中国）有限公司|公募产品代销|080
大华银行（中国）有限公司|公募产品代销|081
恒生银行（中国）有限公司|公募产品代销|082
晋商银行股份有限公司|公募产品代销|083
富滇银行股份有限公司|公募产品代销|084
寿光农村商业银行|公募产品代销|085
昆仑银行股份有限公司|公募产品代销|086
华侨银行（中国）有限公司|公募产品代销|087
无锡农村商业银行股份有限公司|公募产品代销|088
摩根大通银行（中国）有限公司|公募产品代销|089
南昌银行股份有限公司|公募产品代销|090
潍坊银行股份有限公司|公募产品代销|091
日照银行股份有限公司|公募产品代销|092
福建海峡银行股份有限公司|公募产品代销|093
绍兴银行股份有限公司|公募产品代销|094
恒丰银行股份有限公司|公募产品代销|095
浙江绍兴瑞丰农村商业银行股份有限公司|公募产品代销|096
浙江温州龙湾农村商业银行股份有限公司|公募产品代销|097
广东南海农村商业银行股份有限公司|公募产品代销|098
广东华兴银行股份有限公司|公募产品代销|099
上海证券交易所|公募产品代销|101
深圳证券交易所|公募产品代销|102
天相投资顾问有限公司|公募产品代销|121
江苏金百临投资咨询有限公司|公募产品代销|122
鼎信汇金(北京)投资管理有限公司|公募产品代销|123
深圳市新兰德证券投资咨询有限公司|公募产品代销|125
和讯信息科技有限公司|公募产品代销|127
厦门市鑫鼎盛控股有限公司|公募产品代销|130
南方基金管理股份有限公司|公募TA|01
南方基金管理股份有限公司|公募产品直销|201
国泰基金管理有限公司|公募TA|02
国泰基金管理有限公司|公募产品直销|202
华夏基金管理有限公司|公募TA|03
华夏基金管理有限公司|公募产品直销|203
华夏基金管理有限公司|外包TA|S8
华安基金管理有限公司|公募TA|04
华安基金管理有限公司|公募产品直销|204
博时基金管理有限公司|公募TA|05
博时基金管理有限公司|公募产品直销|205
鹏华基金管理有限公司|公募TA|06
鹏华基金管理有限公司|公募产品直销|206
嘉实基金管理有限公司|公募TA|07
嘉实基金管理有限公司|公募产品直销|207
长盛基金管理有限公司|公募TA|08
长盛基金管理有限公司|公募产品直销|208
大成基金管理有限公司|公募TA|09
大成基金管理有限公司|公募产品直销|209
富国基金管理有限公司|公募TA|10
富国基金管理有限公司|公募产品直销|210
易方达基金管理有限公司|公募TA|11
易方达基金管理有限公司|公募产品直销|211
国投瑞银基金管理有限公司|公募TA|12
国投瑞银基金管理有限公司|公募产品直销|212
宝盈基金管理有限公司|公募TA|13
宝盈基金管理有限公司|公募产品直销|213
太平基金管理有限公司|公募TA|14
太平基金管理有限公司|公募产品直销|214
银河基金管理有限公司|公募TA|15
银河基金管理有限公司|公募产品直销|215
融通基金管理有限公司|公募TA|16
融通基金管理有限公司|公募产品直销|216
招商基金管理有限公司|公募TA|17
招商基金管理有限公司|公募产品直销|217
招商基金管理有限公司|外包TA|SG
银华基金管理股份有限公司|公募TA|18
银华基金管理股份有限公司|公募产品直销|218
万家基金管理有限公司|公募TA|19
万家基金管理有限公司|公募产品直销|219
长城基金管理有限公司|公募TA|20
长城基金管理有限公司|公募产品直销|220
金鹰基金管理有限公司|公募TA|21
金鹰基金管理有限公司|公募产品直销|221
泰达宏利基金管理有限公司|公募TA|22
泰达宏利基金管理有限公司|公募产品直销|222
海富通基金管理有限公司|公募TA|23
海富通基金管理有限公司|公募产品直销|223
华宝基金管理有限公司|公募TA|24
华宝基金管理有限公司|公募产品直销|224
国联安基金管理有限公司|公募TA|25
国联安基金管理有限公司|公募产品直销|225
景顺长城基金管理有限公司|公募TA|26
景顺长城基金管理有限公司|公募产品直销|226
广发基金管理有限公司|公募TA|27
广发基金管理有限公司|公募产品直销|227
泰信基金管理有限公司|公募TA|29
泰信基金管理有限公司|公募产品直销|229
长信基金管理有限责任公司|公募TA|30
长信基金管理有限责任公司|公募产品直销|230
申万菱信基金管理有限公司|公募TA|31
申万菱信基金管理有限公司|公募产品直销|231
诺安基金管理有限公司|公募TA|32
诺安基金管理有限公司|公募产品直销|232
摩根士丹利华鑫基金管理有限公司|公募TA|33
摩根士丹利华鑫基金管理有限公司|公募产品直销|233
兴全基金管理有限公司|公募TA|34
兴全基金管理有限公司|公募产品直销|234
天治基金管理有限公司|公募TA|35
天治基金管理有限公司|公募产品直销|235
光大保德信基金管理有限公司|公募TA|36
光大保德信基金管理有限公司|公募产品直销|236
上投摩根基金管理有限公司|公募TA|37
上投摩根基金管理有限公司|公募产品直销|237
中银基金管理有限公司|公募TA|38
中银基金管理有限公司|公募产品直销|238
中海基金管理有限公司|公募TA|39
中海基金管理有限公司|公募产品直销|239
东方基金管理有限责任公司|公募TA|40
东方基金管理有限责任公司|公募产品直销|240
华富基金管理有限公司|公募TA|41
华富基金管理有限公司|公募产品直销|241
天弘基金管理有限公司|公募TA|42
天弘基金管理有限公司|公募产品直销|242
新华基金管理股份有限公司|公募TA|43
新华基金管理股份有限公司|公募产品直销|243
前海开源基金管理有限公司|公募TA|44
前海开源基金管理有限公司|公募产品直销|244
国海富兰克林基金管理有限公司|公募TA|45
国海富兰克林基金管理有限公司|公募产品直销|245
华泰柏瑞基金管理有限公司|公募TA|46
华泰柏瑞基金管理有限公司|公募产品直销|246
汇添富基金管理股份有限公司|公募TA|47
汇添富基金管理股份有限公司|公募产品直销|247
工银瑞信基金管理有限公司|公募TA|48
工银瑞信基金管理有限公司|公募产品直销|248
工银瑞信基金管理有限公司|外包TA|SC
交银施罗德基金管理有限公司|公募TA|49
交银施罗德基金管理有限公司|公募产品直销|249
建信基金管理有限责任公司|公募TA|53
建信基金管理有限责任公司|公募产品直销|253
汇丰晋信基金管理有限公司|公募TA|54
汇丰晋信基金管理有限公司|公募产品直销|254
中信保诚基金管理有限公司|公募TA|55
中信保诚基金管理有限公司|公募产品直销|255
益民基金管理有限公司|公募TA|56
益民基金管理有限公司|公募产品直销|256
诺德基金管理有限公司|公募TA|57
诺德基金管理有限公司|公募产品直销|257
东吴基金管理有限公司|公募TA|58
东吴基金管理有限公司|公募产品直销|258
中邮创业基金管理股份有限公司|公募TA|59
中邮创业基金管理股份有限公司|公募产品直销|259
中欧基金管理有限公司|公募TA|60
中欧基金管理有限公司|公募产品直销|260
信达澳银基金管理有限公司|公募TA|61
信达澳银基金管理有限公司|公募产品直销|261
金元顺安基金管理有限公司|公募TA|62
金元顺安基金管理有限公司|公募产品直销|262
华商基金管理有限公司|公募TA|63
华商基金管理有限公司|公募产品直销|263
浦银安盛基金管理有限公司|公募TA|64
浦银安盛基金管理有限公司|公募产品直销|264
英大基金管理有限公司|公募TA|65
英大基金管理有限公司|公募产品直销|265
农银汇理基金管理有限公司|公募TA|66
农银汇理基金管理有限公司|公募产品直销|266
西部利得基金管理有限公司|公募TA|67
西部利得基金管理有限公司|公募产品直销|267
浙商基金管理有限公司|公募TA|68
浙商基金管理有限公司|公募产品直销|268
民生加银基金管理有限公司|公募TA|69
民生加银基金管理有限公司|公募产品直销|269
平安大华基金管理有限公司|公募TA|70
平安大华基金管理有限公司|公募产品直销|270
富安达基金管理有限公司|公募TA|71
富安达基金管理有限公司|公募产品直销|271
财通基金管理有限公司|公募TA|72
财通基金管理有限公司|公募产品直销|272
方正富邦基金管理有限公司|公募TA|73
方正富邦基金管理有限公司|公募产品直销|273
长安基金管理有限公司|公募TA|74
长安基金管理有限公司|公募产品直销|274
长安基金管理有限公司|外包TA|SF
安信基金管理有限责任公司|公募TA|75
安信基金管理有限责任公司|公募产品直销|275
国金基金管理有限公司|公募TA|76
国金基金管理有限公司|公募产品直销|276
德邦基金管理有限公司|公募TA|77
德邦基金管理有限公司|公募产品直销|277
红塔红土基金管理有限公司|公募TA|78
红塔红土基金管理有限公司|公募产品直销|278
华宸未来基金管理有限公司|公募TA|79
华宸未来基金管理有限公司|公募产品直销|279
华润元大基金管理有限公司|公募TA|0A
华润元大基金管理有限公司|公募产品直销|285
东海基金管理有限责任公司|公募TA|0B
东海基金管理有限责任公司|公募产品直销|286
江信基金管理有限公司|公募TA|0C
江信基金管理有限公司|公募产品直销|287
中加基金管理有限公司|公募TA|0D
中加基金管理有限公司|公募产品直销|288
民生加银资产管理有限公司|管理人TA|0E
民生加银资产管理有限公司|资管产品直销|289
中融基金管理有限公司|公募TA|0F
中融基金管理有限公司|公募产品直销|290
招商财富资产管理有限公司|管理人TA|0G
招商财富资产管理有限公司|公募产品代销|291
嘉实资本管理有限公司|管理人TA|0H
嘉实资本管理有限公司|资管产品直销|292
深圳市融通资本管理股份有限公司|管理人TA|0I
深圳市融通资本管理股份有限公司|资管产品直销|293
上海金元百利资产管理有限公司|管理人TA|0J
上海金元百利资产管理有限公司|资管产品直销|294
兴业财富资产管理有限公司|管理人TA|0K
兴业财富资产管理有限公司|资管产品直销|295
鑫元基金管理有限公司|公募TA|0L
鑫元基金管理有限公司|公募产品直销|296
中信信诚资产管理有限公司|管理人TA|0M
中信信诚资产管理有限公司|资管产品直销|297
国开泰富基金管理有限责任公司|公募TA|0N
国开泰富基金管理有限责任公司|公募产品直销|298
建信资本管理有限责任公司|管理人TA|0P
建信资本管理有限责任公司|资管产品直销|299
诺亚正行（上海）基金销售投资顾问有限公司|公募产品代销|301
深圳众禄基金销售股份有限公司|公募产品代销|302
上海天天基金销售有限公司|公募产品代销|303
上海好买基金销售有限公司|公募产品代销|304
蚂蚁（杭州）基金销售有限公司|公募产品代销|305
上海长量基金销售投资顾问有限公司|公募产品代销|306
浙江同花顺基金销售有限公司|公募产品代销|307
天津市凤凰财富基金销售有限公司|公募产品代销|310
中期时代基金销售（北京）有限公司|公募产品代销|311
杭州金观诚基金销售有限公司|公募产品代销|312
嘉实财富管理有限公司|公募产品代销|313
北京创金启富基金销售有限公司|公募产品代销|315
泛华普益基金销售有限公司|公募产品代销|316
宜信普泽投资顾问（北京）有限公司|公募产品代销|317
北京万银财富投资有限公司|公募产品代销|320
北京增财基金销售有限公司|公募产品代销|321
北京中天嘉华基金销售有限公司|公募产品代销|322
深圳腾元基金销售有限公司|公募产品代销|323
上海通华财富资产管理有限公司|公募产品代销|324
北京恒天明泽基金销售有限公司|公募产品代销|325
深圳宜投基金销售有限公司|公募产品代销|326
深圳前海汇联基金销售有限公司|公募产品代销|327
北京晟视天下投资管理有限公司|公募产品代销|330
一路财富（北京）信息科技有限公司|公募产品代销|331
北京钱景基金销售有限公司|公募产品代销|332
北京唐鼎耀华投资咨询有限公司|公募产品代销|333
北京植信基金销售有限公司|公募产品代销|334
成都华羿恒信财富投资管理有限公司|公募产品代销|335
海银基金销售有限公司|公募产品代销|336
上海久富财富管理有限公司|公募产品代销|337
上海大智慧基金销售有限公司|公募产品代销|340
北京新浪仓石投资管理有限公司|公募产品代销|341
日发资产管理（上海）有限公司|公募产品代销|342
中经北证（北京）资产管理有限公司|公募产品代销|343
北京君德汇富投资咨询有限公司|公募产品代销|345
济安财富（北京）资本管理有限公司|公募产品代销|346
佳泓（北京）基金销售有限公司|公募产品代销|347
扬州国信嘉利投资理财有限公司|公募产品代销|350
深圳市锦安基金销售有限公司|公募产品代销|351
上海联泰资产管理有限公司|公募产品代销|352
上海钜派钰茂基金销售有限公司|公募产品代销|353
深圳市金海九州投资管理有限公司|公募产品代销|354
泰诚财富基金销售（大连）有限公司|公募产品代销|355
上海汇付金融服务有限公司|公募产品代销|356
北京坤元投资咨询有限公司|公募产品代销|357
北京微动利投资管理有限公司|公募产品代销|358
江西正融资产管理有限公司|公募产品代销|359
泰信财富财务咨询有限公司|公募产品代销|360
北京富国大通投资管理有限责任公司|公募产品代销|361
上海基煜投资管理有限公司|公募产品代销|362
成都万华源基金销售有限责任公司|公募产品代销|363
利和财富(上海)基金销售有限公司|公募产品代销|364
上海凯石财富基金销售有限公司|公募产品代销|365
深圳前海京西票号投资管理有限公司|公募产品代销|366
上海景谷资产管理有限公司|公募产品代销|367
上海朝阳永续基金销售有限公司|公募产品代销|368
上海中正达广投资管理有限公司|公募产品代销|369
北京恒宇天泽投资管理有限公司|公募产品代销|370
北京虹点基金销售有限公司|公募产品代销|371
深圳新华信通资产管理有限公司|公募产品代销|372
深圳富济财富管理有限公司|公募产品代销|373
上海攀赢金融信息服务有限公司|公募产品代销|374
武汉市伯嘉基金销售有限公司|公募产品代销|375
上海陆金所基金销售有限公司|公募产品代销|376
大泰金石投资管理有限公司|公募产品代销|377
珠海盈米财富管理有限公司|公募产品代销|378
和耕传承基金销售有限公司|公募产品代销|379
南京途牛金融信息服务有限公司|公募产品代销|380
奕丰金融服务（深圳）有限公司|公募产品代销|381
中证金牛（北京）投资咨询有限公司|公募产品代销|382
北京懒猫金融信息服务有限公司|公募产品代销|383
上海爱建财富管理有限公司|公募产品代销|384
深圳秋实惠智财富投资管理有限公司|公募产品代销|385
深圳市小牛基金销售有限公司|公募产品代销|386
北京肯特瑞财富投资管理有限公司|公募产品代销|387
北京电盈基金销售有限公司|公募产品代销|388
尚智逢源（北京）投资管理有限公司|公募产品代销|389
大连网金基金销售有限公司|公募产品代销|390
中民财富基金销售（上海）有限公司|公募产品代销|391
上海云湾投资管理有限公司|公募产品代销|392
深圳市金斧子投资咨询有限公司|公募产品代销|393
北京蛋卷基金销售有限公司|公募产品代销|394
中信建投基金管理有限公司|公募TA|0Q
中信建投基金管理有限公司|公募产品直销|400
中融（北京）资产管理有限公司|管理人TA|0R
中融（北京）资产管理有限公司|资管产品直销|401
前海开源资产管理（深圳）有限公司|管理人TA|0S
前海开源资产管理（深圳）有限公司|资管产品直销|402
北京方正富邦创融资产管理有限公司|管理人TA|0T
北京方正富邦创融资产管理有限公司|资管产品直销|403
上海财通资产管理有限公司|管理人TA|0U
上海财通资产管理有限公司|资管产品直销|404
上银基金管理有限公司|公募TA|0V
上银基金管理有限公司|公募产品直销|405
中海恒信资产管理（上海）有限公司|管理人TA|0X
中海恒信资产管理（上海）有限公司|资管产品直销|406
永赢基金管理有限公司|公募TA|0Y
永赢基金管理有限公司|公募产品直销|407
国寿安保基金管理有限公司|公募TA|0Z
国寿安保基金管理有限公司|公募产品直销|408
国泰元鑫资产管理有限公司|管理人TA|1A
国泰元鑫资产管理有限公司|资管产品直销|409
东海瑞京资产管理（上海）有限公司|管理人TA|1B
东海瑞京资产管理（上海）有限公司|资管产品直销|410
上海新东吴优胜资产管理有限公司|管理人TA|1C
上海新东吴优胜资产管理有限公司|资管产品直销|411
上海浦银安盛资产管理有限公司|管理人TA|1D
上海浦银安盛资产管理有限公司|资管产品直销|412
深圳华宸未来资产管理有限公司|管理人TA|1E
深圳华宸未来资产管理有限公司|资管产品直销|413
中铁宝盈资产管理有限公司|管理人TA|1F
中铁宝盈资产管理有限公司|资管产品直销|415
大成创新资本管理有限公司|管理人TA|1H
大成创新资本管理有限公司|资管产品直销|416
深圳华润元大资产管理有限公司|管理人TA|1I
深圳华润元大资产管理有限公司|资管产品直销|417
万家共赢资产管理有限公司|管理人TA|1J
万家共赢资产管理有限公司|资管产品直销|418
博时资本管理有限公司|管理人TA|1K
博时资本管理有限公司|资管产品直销|419
圆信永丰基金管理有限公司|公募TA|1L
圆信永丰基金管理有限公司|公募产品直销|420
兴业基金管理有限公司|公募TA|1M
兴业基金管理有限公司|公募产品直销|421
中金基金管理有限公司|公募TA|1N
中金基金管理有限公司|公募产品直销|422
兴银基金管理有限责任公司|公募TA|1P
兴银基金管理有限责任公司|公募产品直销|423
银华财富资本管理（北京）有限公司|管理人TA|1Q
银华财富资本管理（北京）有限公司|资管产品直销|425
交银施罗德资产管理有限公司|管理人TA|1R
交银施罗德资产管理有限公司|资管产品直销|426
工银瑞信投资管理有限公司|管理人TA|1S
工银瑞信投资管理有限公司|资管产品直销|427
长城嘉信资产管理有限公司|管理人TA|1T
长城嘉信资产管理有限公司|资管产品直销|428
鑫沅资产管理有限公司|管理人TA|1U
鑫沅资产管理有限公司|资管产品直销|429
北京新华富时资产管理有限公司|管理人TA|1V
北京新华富时资产管理有限公司|资管产品直销|430
汇添富资本管理有限公司|管理人TA|1W
汇添富资本管理有限公司|资管产品直销|431
北京天地方中资产管理有限公司|管理人TA|1X
北京天地方中资产管理有限公司|资管产品直销|432
永赢资产管理有限公司|管理人TA|1Y
永赢资产管理有限公司|资管产品直销|433
长盛创富资产管理有限公司|管理人TA|1Z
长盛创富资产管理有限公司|资管产品直销|435
首誉资产管理有限公司|管理人TA|3A
首誉资产管理有限公司|资管产品直销|436
上银瑞金资本管理有限公司|管理人TA|3B
上银瑞金资本管理有限公司|资管产品直销|437
申万菱信（上海）资产管理有限公司|管理人TA|3C
申万菱信（上海）资产管理有限公司|资管产品直销|438
上海兴全睿众资产管理有限公司|管理人TA|3D
上海兴全睿众资产管理有限公司|资管产品直销|439
德邦创新资本有限责任公司|管理人TA|3E
德邦创新资本有限责任公司|资管产品直销|440
北京千石创富资本管理有限公司|管理人TA|3F
北京千石创富资本管理有限公司|资管产品直销|441
北银丰业资产管理有限公司|管理人TA|3G
北银丰业资产管理有限公司|资管产品直销|442
上海国金通用财富资产管理有限公司|公募产品代销|443
红土创新基金管理有限公司|公募TA|3H
红土创新基金管理有限公司|公募产品直销|445
银河资本资产管理有限公司|管理人TA|3I
银河资本资产管理有限公司|资管产品直销|446
北信瑞丰基金管理有限公司|公募TA|3J
北信瑞丰基金管理有限公司|公募产品直销|447
上海长江财富资产管理有限公司|管理人TA|3L
上海长江财富资产管理有限公司|资管产品直销|448
创金合信基金管理有限公司|公募TA|3M
创金合信基金管理有限公司|公募产品直销|449
创金合信基金管理有限公司|外包TA|SL
北京国开泰富资产管理有限公司|管理人TA|3N
北京国开泰富资产管理有限公司|资管产品直销|450
华夏资本管理有限公司|管理人TA|3P
华夏资本管理有限公司|资管产品直销|451
九泰基金管理有限公司|公募TA|3Q
九泰基金管理有限公司|公募产品直销|452
嘉合基金管理有限公司|公募TA|3R
嘉合基金管理有限公司|公募产品直销|453
易方达资产管理有限公司|管理人TA|3S
易方达资产管理有限公司|资管产品直销|455
中银资产管理有限公司|管理人TA|3U
中银资产管理有限公司|资管产品直销|456
鹏华资产管理（深圳）有限公司|管理人TA|3V
鹏华资产管理（深圳）有限公司|资管产品直销|457
南方资本管理有限公司|管理人TA|3W
南方资本管理有限公司|资管产品直销|458
国寿财富管理有限公司|管理人TA|3X
国寿财富管理有限公司|资管产品直销|459
东方汇智资产管理有限公司|管理人TA|3Y
东方汇智资产管理有限公司|资管产品直销|460
深圳平安大华汇通财富管理有限公司|管理人TA|4B
深圳平安大华汇通财富管理有限公司|资管产品直销|461
上海兴瀚资产管理有限公司|管理人TA|4E
上海兴瀚资产管理有限公司|资管产品直销|463
国投瑞银资本管理有限公司|管理人TA|4F
国投瑞银资本管理有限公司|资管产品直销|464
景顺长城资产管理（深圳）有限公司|管理人TA|F3
景顺长城资产管理（深圳）有限公司|资管产品直销|465
金信基金管理有限公司|公募TA|4G
金信基金管理有限公司|公募产品直销|466
元达信资本管理（北京）有限公司|管理人TA|F6
元达信资本管理（北京）有限公司|资管产品直销|467
中欧盛世资产管理（上海）有限公司|管理人TA|4J
中欧盛世资产管理（上海）有限公司|资管产品直销|468
中欧钱滚滚基金销售（上海）有限公司|公募产品代销|469
新沃基金管理有限公司|公募TA|4K
新沃基金管理有限公司|公募产品直销|470
中科沃土基金管理有限公司|公募TA|4L
中科沃土基金管理有限公司|公募产品直销|471
新疆前海联合基金管理有限公司|公募TA|4M
新疆前海联合基金管理有限公司|公募产品直销|472
九泰基金销售（北京）有限公司|公募产品代销|473
天津万家财富资产管理有限公司|公募产品代销|475
深圳英大资本管理有限公司|管理人TA|4P
深圳英大资本管理有限公司|资管产品直销|476
上海华夏财富投资管理有限公司|公募产品代销|477
中国国际期货有限公司|管理人TA|RH
中国国际期货有限公司|公募产品代销|500
中信建投期货有限公司|公募产品代销|501
兴证期货有限公司|管理人TA|Q8
兴证期货有限公司|公募产品代销|502
中州期货有限公司|管理人TA|QW
中州期货有限公司|公募产品代销|503
中州期货有限公司|资管产品直销|527
海通期货有限公司|管理人TA|Q2
海通期货有限公司|公募产品代销|504
安粮期货有限公司|公募产品代销|505
中投天琪期货有限公司|公募产品代销|506
中信期货有限公司|管理人TA|Q1
中信期货有限公司|公募产品代销|507
申银万国期货有限公司|管理人TA|QV
申银万国期货有限公司|公募产品代销|508
广发期货有限公司|公募产品代销|509
英大期货有限公司|管理人TA|QC
英大期货有限公司|资管产品直销|512
东海期货有限责任公司|管理人TA|R2
东海期货有限责任公司|公募产品代销|513
盛达期货有限公司|管理人TA|QE
盛达期货有限公司|资管产品直销|514
中银国际期货有限责任公司|管理人TA|QK
中银国际期货有限责任公司|资管产品直销|515
弘业期货股份有限公司|管理人TA|QM
弘业期货股份有限公司|公募产品代销|529
弘业期货股份有限公司|资管产品直销|516
兴业期货有限公司|管理人TA|QN
兴业期货有限公司|资管产品直销|517
西南期货有限公司|管理人TA|QP
西南期货有限公司|资管产品直销|518
国都期货有限公司|管理人TA|QS
国都期货有限公司|资管产品直销|520
新纪元期货有限公司|管理人TA|QU
新纪元期货有限公司|公募产品代销|552
新纪元期货有限公司|资管产品直销|521
银河期货有限公司|管理人TA|Q3
银河期货有限公司|公募产品代销|522
南华期货股份有限公司|管理人TA|Q6
南华期货股份有限公司|公募产品代销|523
建信期货有限责任公司|管理人TA|QX
建信期货有限责任公司|资管产品直销|524
国泰君安证券股份有限公司|公募产品代销|601
国泰君安证券股份有限公司|外包TA|JA
中信建投证券股份有限公司|管理人TA|B5
中信建投证券股份有限公司|公募产品代销|602
中信建投证券股份有限公司|外包TA|CS
中信建投证券股份有限公司|资管产品直销|739
国信证券股份有限公司|管理人TA|93
国信证券股份有限公司|公募产品代销|603
国信证券股份有限公司|外包TA|S2
招商证券股份有限公司|公募产品代销|604
招商证券股份有限公司|外包TA|SH
广发证券股份有限公司|公募产品代销|605
广发证券股份有限公司|外包TA|SK
中信证券股份有限公司|管理人TA|90
中信证券股份有限公司|公募产品代销|606
中信证券股份有限公司|资管产品直销|783
中国银河证券股份有限公司|管理人TA|AA
中国银河证券股份有限公司|公募产品代销|607
中国银河证券股份有限公司|外包TA|YH
海通证券股份有限公司|管理人TA|EB
海通证券股份有限公司|公募产品代销|608
海通证券股份有限公司|外包TA|HT
华泰联合证券有限责任公司|公募产品代销|609
申万宏源证券有限公司|管理人TA|A5
申万宏源证券有限公司|公募产品代销|610
申万宏源证券有限公司|外包TA|SA
申万宏源证券有限公司|资管产品直销|727
兴业证券股份有限公司|管理人TA|AB
兴业证券股份有限公司|公募产品代销|613
兴业证券股份有限公司|外包TA|XY
长江证券承销保荐有限公司|公募产品代销|614
安信证券股份有限公司|管理人TA|AD
安信证券股份有限公司|公募产品代销|615
安信证券股份有限公司|资管产品直销|777
西南证券股份有限公司|管理人TA|BF
西南证券股份有限公司|公募产品代销|616
西南证券股份有限公司|资管产品直销|772
中信证券(浙江)有限责任公司|公募产品代销|617
湘财证券有限责任公司|管理人TA|DA
湘财证券有限责任公司|公募产品代销|618
万联证券股份有限公司|管理人TA|B1
万联证券股份有限公司|公募产品代销|619
万联证券股份有限公司|资管产品直销|773
民生证券有限责任公司|管理人TA|B2
民生证券有限责任公司|公募产品代销|620
国元证券股份有限公司|管理人TA|A1
国元证券股份有限公司|公募产品代销|621
渤海证券股份有限公司|管理人TA|C7
渤海证券股份有限公司|公募产品代销|622
华泰证券股份有限公司|公募产品代销|624
华泰证券股份有限公司|外包TA|S1
山西证券股份有限公司|公募TA|3K
山西证券股份有限公司|公募产品直销|721
山西证券股份有限公司|管理人TA|B9
山西证券股份有限公司|公募产品代销|625
山西证券股份有限公司|资管产品直销|776
中信万通证券有限责任公司|公募产品代销|626
东兴证券股份有限公司|公募TA|3Z
东兴证券股份有限公司|公募产品直销|729
东兴证券股份有限公司|管理人TA|BE
东兴证券股份有限公司|公募产品代销|627
东兴证券股份有限公司|外包TA|SE
东兴证券股份有限公司|资管产品直销|789
东吴证券股份有限公司|管理人TA|B8
东吴证券股份有限公司|公募产品代销|628
东吴证券股份有限公司|外包TA|DW
东吴证券股份有限公司|资管产品直销|763
信达证券股份有限公司|管理人TA|C2
信达证券股份有限公司|公募产品代销|629
东方证券股份有限公司|公募产品代销|631
东方证券股份有限公司|外包TA|SD
方正证券股份有限公司|管理人TA|BC
方正证券股份有限公司|公募产品代销|633
方正证券股份有限公司|资管产品直销|757
长城证券股份有限公司|管理人TA|C8
长城证券股份有限公司|公募产品代销|634
长城证券股份有限公司|外包TA|S9
长城证券股份有限公司|资管产品直销|718
光大证券股份有限公司|公募产品代销|635
光大证券股份有限公司|外包TA|S3
广州证券股份有限公司|管理人TA|CC
广州证券股份有限公司|公募产品代销|636
广州证券股份有限公司|资管产品直销|766
东北证券股份有限公司|公募产品代销|638
南京证券股份有限公司|管理人TA|A7
南京证券股份有限公司|公募产品代销|640
上海证券有限责任公司|管理人TA|A3
上海证券有限责任公司|公募产品代销|641
上海证券有限责任公司|资管产品直销|781
新时代证券有限责任公司|管理人TA|D2
新时代证券有限责任公司|公募产品代销|642
大同证券有限责任公司|管理人TA|EG
大同证券有限责任公司|公募产品代销|643
大同证券有限责任公司|资管产品直销|764
国联证券股份有限公司|管理人TA|B4
国联证券股份有限公司|公募产品代销|644
国联证券股份有限公司|资管产品直销|787
浙商证券股份有限公司|管理人TA|B6
浙商证券股份有限公司|公募产品代销|645
平安证券股份有限公司|管理人TA|A4
平安证券股份有限公司|公募产品代销|646
平安证券股份有限公司|资管产品直销|752
华安证券有限责任公司|管理人TA|BB
华安证券有限责任公司|公募产品代销|647
国海证券股份有限公司|管理人TA|DE
国海证券股份有限公司|公募产品代销|648
国海证券股份有限公司|资管产品直销|770
财富证券有限责任公司|管理人TA|BD
财富证券有限责任公司|公募产品代销|649
财富证券有限责任公司|资管产品直销|780
东莞证券股份有限公司|管理人TA|B3
东莞证券股份有限公司|公募产品代销|650
东莞证券股份有限公司|资管产品直销|774
中原证券股份有限公司|管理人TA|C9
中原证券股份有限公司|公募产品代销|651
国都证券股份有限公司|公募TA|4A
国都证券股份有限公司|公募产品直销|730
国都证券股份有限公司|管理人TA|A2
国都证券股份有限公司|公募产品代销|652
东海证券有限责任公司|管理人TA|A0
东海证券有限责任公司|公募产品代销|653
东海证券有限责任公司|资管产品直销|761
中银国际证券股份有限公司|公募TA|4N
中银国际证券股份有限公司|公募产品直销|744
中银国际证券股份有限公司|管理人TA|A8
中银国际证券股份有限公司|公募产品代销|654
中银国际证券股份有限公司|外包TA|SJ
恒泰证券股份有限公司|管理人TA|CB
恒泰证券股份有限公司|公募产品代销|655
国盛证券有限责任公司|管理人TA|DD
国盛证券有限责任公司|公募产品代销|656
华西证券股份有限公司|管理人TA|BA
华西证券股份有限公司|公募产品代销|658
华西证券股份有限公司|资管产品直销|758
宏源证券股份有限公司|管理人TA|AC
宏源证券股份有限公司|公募产品代销|659
中泰证券股份有限公司|公募产品代销|660
中泰证券股份有限公司|外包TA|QL
世纪证券有限责任公司|管理人TA|CA
世纪证券有限责任公司|公募产品代销|661
第一创业证券股份有限公司|管理人TA|AE
第一创业证券股份有限公司|公募产品代销|663
第一创业证券股份有限公司|外包TA|FC
第一创业证券股份有限公司|资管产品直销|734
金元证券股份有限公司|管理人TA|CF
金元证券股份有限公司|公募产品代销|664
金元证券股份有限公司|资管产品直销|785
中航证券有限公司|管理人TA|C0
中航证券有限公司|公募产品代销|665
华林证券股份有限公司|管理人TA|E5
华林证券股份有限公司|公募产品代销|667
华林证券股份有限公司|资管产品直销|765
德邦证券股份有限公司|管理人TA|CE
德邦证券股份有限公司|公募产品代销|668
德邦证券股份有限公司|资管产品直销|732
西部证券股份有限公司|管理人TA|C1
西部证券股份有限公司|公募产品代销|669
华福证券有限责任公司|管理人TA|E7
华福证券有限责任公司|公募产品代销|671
华龙证券股份有限公司|管理人TA|D8
华龙证券股份有限公司|公募产品代销|672
中国国际金融股份有限公司|管理人TA|92
中国国际金融股份有限公司|公募产品代销|673
财通证券有限责任公司|公募产品代销|674
上海华信证券有限责任公司|管理人TA|F9
上海华信证券有限责任公司|公募产品代销|675
上海华信证券有限责任公司|资管产品直销|751
五矿证券有限公司|管理人TA|EA
五矿证券有限公司|公募产品代销|676
五矿证券有限公司|资管产品直销|790
华鑫证券有限责任公司|管理人TA|D6
华鑫证券有限责任公司|公募产品代销|677
华鑫证券有限责任公司|资管产品直销|754
瑞银证券有限责任公司|管理人TA|C3
瑞银证券有限责任公司|公募产品代销|678
中国中投证券有限责任公司|管理人TA|A6
中国中投证券有限责任公司|公募产品代销|679
中国中投证券有限责任公司|资管产品直销|775
中山证券有限责任公司|管理人TA|B7
中山证券有限责任公司|公募产品代销|680
中山证券有限责任公司|资管产品直销|759
红塔证券股份有限公司|管理人TA|C5
红塔证券股份有限公司|公募产品代销|681
西藏东方财富证券股份有限公司|管理人TA|D7
西藏东方财富证券股份有限公司|公募产品代销|682
西藏东方财富证券股份有限公司|资管产品直销|784
国融证券股份有限公司|管理人TA|D5
国融证券股份有限公司|公募产品代销|684
国融证券股份有限公司|资管产品直销|778
联讯证券有限责任公司|管理人TA|E0
联讯证券有限责任公司|公募产品代销|685
江海证券有限公司|管理人TA|DC
江海证券有限公司|公募产品代销|686
九州证券股份有限公司|管理人TA|F2
九州证券股份有限公司|公募产品代销|687
九州证券股份有限公司|资管产品直销|735
银泰证券有限责任公司|管理人TA|CD
银泰证券有限责任公司|公募产品代销|688
银泰证券有限责任公司|资管产品直销|760
国金证券股份有限公司|管理人TA|DB
国金证券股份有限公司|公募产品代销|689
国金证券股份有限公司|资管产品直销|749
中国民族证券有限责任公司|管理人TA|D1
中国民族证券有限责任公司|公募产品代销|690
华宝证券有限责任公司|管理人TA|E2
华宝证券有限责任公司|公募产品代销|691
华宝证券有限责任公司|资管产品直销|753
长城国瑞证券有限公司|管理人TA|F1
长城国瑞证券有限公司|公募产品代销|692
爱建证券有限责任公司|管理人TA|EC
爱建证券有限责任公司|公募产品代销|693
英大证券有限责任公司|管理人TA|D3
英大证券有限责任公司|公募产品代销|694
华融证券股份有限公司|公募TA|1G
华融证券股份有限公司|公募产品直销|719
华融证券股份有限公司|管理人TA|C6
华融证券股份有限公司|公募产品代销|695
华融证券股份有限公司|资管产品直销|782
财达证券有限责任公司|管理人TA|E1
财达证券有限责任公司|公募产品代销|696
天风证券股份有限公司|管理人TA|D4
天风证券股份有限公司|公募产品代销|697
天风证券股份有限公司|资管产品直销|767
中天证券股份有限公司|管理人TA|E8
中天证券股份有限公司|公募产品代销|698
大通证券股份有限公司|管理人TA|A9
大通证券股份有限公司|公募产品代销|699
北京高华证券有限责任公司|公募TA|D0
北京高华证券有限责任公司|公募产品直销|743
北京高华证券有限责任公司|管理人TA|D0
北京高华证券有限责任公司|公募产品代销|700
华创证券有限责任公司|管理人TA|D9
华创证券有限责任公司|公募产品代销|701
华创证券有限责任公司|资管产品直销|750
恒泰长财证券有限责任公司|公募产品代销|702
中邮证券有限责任公司|管理人TA|E4
中邮证券有限责任公司|公募产品代销|704
首创证券有限责任公司|管理人TA|E9
首创证券有限责任公司|公募产品代销|705
国开证券股份有限公司|管理人TA|EF
国开证券股份有限公司|公募产品代销|706
太平洋证券股份有限公司|管理人TA|E6
太平洋证券股份有限公司|公募产品代销|709
太平洋证券股份有限公司|外包TA|Z6
太平洋证券股份有限公司|资管产品直销|747
开源证券股份有限公司|管理人TA|DF
开源证券股份有限公司|公募产品代销|711
网信证券有限责任公司|管理人TA|F8
网信证券有限责任公司|公募产品代销|712
网信证券有限责任公司|资管产品直销|745
广发证券资产管理（广东）有限公司|管理人TA|87
广发证券资产管理（广东）有限公司|资管产品直销|713
上海东方证券资产管理有限公司|公募TA|0W
上海东方证券资产管理有限公司|公募产品直销|715
上海东方证券资产管理有限公司|管理人TA|91
财通证券资产管理有限公司|公募TA|4T
财通证券资产管理有限公司|公募产品直销|755
财通证券资产管理有限公司|管理人TA|C4
财通证券资产管理有限公司|资管产品直销|716
川财证券有限责任公司|管理人TA|ED
川财证券有限责任公司|公募产品代销|720
川财证券有限责任公司|资管产品直销|769
上海光大证券资产管理有限公司|管理人TA|86
上海光大证券资产管理有限公司|资管产品直销|725
中泰证券（上海）资产管理有限公司|公募TA|B0
中泰证券（上海）资产管理有限公司|公募产品直销|726
中泰证券（上海）资产管理有限公司|管理人TA|B0
中泰证券（上海）资产管理有限公司|资管产品直销|726
华金证券股份有限公司|管理人TA|F0
华金证券股份有限公司|公募产品代销|733
华金证券股份有限公司|资管产品直销|708
长江证券股份有限公司|公募产品代销|738
长江证券股份有限公司|外包TA|CJ
长江证券（上海）资产管理有限公司|公募TA|4R
长江证券（上海）资产管理有限公司|公募产品直销|748
长江证券（上海）资产管理有限公司|管理人TA|89
长江证券（上海）资产管理有限公司|资管产品直销|740
招商证券资产管理有限公司|管理人TA|88
招商证券资产管理有限公司|资管产品直销|741
联储证券有限责任公司|管理人TA|F7
联储证券有限责任公司|公募产品代销|742
联储证券有限责任公司|资管产品直销|742
宏信证券有限责任公司|管理人TA|E3
宏信证券有限责任公司|公募产品代销|707
宏信证券有限责任公司|资管产品直销|746
中国平安人寿保险股份有限公司|公募产品代销|800
泰康人寿保险股份有限公司|公募产品代销|801
华瑞保险销售有限公司|公募产品代销|802
上海玄元保险代理有限公司|公募产品代销|803
阳光人寿保险股份有限公司|公募产品代销|804
中宏人寿保险有限公司|公募产品代销|805
和谐保险销售有限公司|公募产品代销|807
永鑫保险销售服务有限公司|公募产品代销|808
交银施罗德资产管理（香港）有限公司|公募产品代销|821
中国银行(香港)有限公司|公募产品代销|822
摩根基金（亚洲）有限公司|公募产品代销|823
中銀香港資產管理有限公司|公募产品代销|824
集友銀行有限公司|公募产品代销|825
中银国际英国保诚资产管理有限公司|公募产品代销|826
南洋商業銀行有限公司|公募产品代销|827
HSBC INVESTMENT FUNDS (HONG KONG) LIMITED|公募产品代销|828
易方达资产管理（香港）有限公司|公募产品代销|829
汇添富资产管理（香港）有限公司|公募产品代销|830
大成国际资产管理有限公司|公募产品代销|831
国投瑞银资产管理(香港)有限公司|公募产品代销|832
奕丰金融(香港)有限公司|公募产品代销|833
奕丰投资平台服务(香港)有限公司|公募产品代销|834
信安投資及退休金服務有限公司|公募产品代销|835
景順投資管理有限公司|公募产品代销|836
道富银行与信托公司|公募产品代销|837
博时基金(国际)有限公司|公募产品代销|838
南方东英资产管理有限公司|公募产品代销|839
交银積金理財服務有限公司|公募产品代销|840
東方匯理資產管理香港有限公司|公募产品代销|841
嘉实国际资产管理有限公司|公募产品代销|842
华夏基金（香港）有限公司|公募产品代销|843
攀枝花市商业银行股份有限公司|公募产品代销|900
成都银行股份有限公司|公募产品代销|901
泉州银行股份有限公司|公募产品代销|902
锦州银行股份有限公司|公募产品代销|903
长春农村商业银行股份有限公司|公募产品代销|904
浙江泰隆商业银行股份有限公司|公募产品代销|905
华融湘江银行股份有限公司|公募产品代销|906
浙江温州鹿城农村商业银行股份有限公司|公募产品代销|907
辽阳银行股份有限公司|公募产品代销|908
广东南粤银行股份有限公司|公募产品代销|909
盛京银行股份有限公司|公募产品代销|910
德阳银行股份有限公司|公募产品代销|911
龙江银行股份有限公司|公募产品代销|912
浙江乐清农村商业银行股份有限公司|公募产品代销|913
贵阳银行股份有限公司|公募产品代销|914
天津农村商业银行股份有限公司|公募产品代销|915
浙江临海农村商业银行股份有限公司|公募产品代销|916
青岛农村商业银行股份有限公司|公募产品代销|917
深圳前海微众银行股份有限公司|公募产品代销|918
晋城银行股份有限公司|公募产品代销|919
天津滨海农村商业银行股份有限公司|公募产品代销|920
浙江新昌农村商业银行股份有限公司|公募产品代销|921
桂林银行股份有限公司|公募产品代销|922
德州银行股份有限公司|公募产品代销|923
江苏紫金农村商业银行股份有限公司|公募产品代销|924
浙江义乌农村商业银行股份有限公司|公募产品代销|925
浙江网商银行股份有限公司|公募产品代销|926
浙江杭州余杭农村商业银行股份有限公司|公募产品代销|927
浙江德清农村商业银行股份有限公司|公募产品代销|928
浙江萧山农村商业银行股份有限公司|公募产品代销|929
吉林九台农村商业银行股份有限公司|公募产品代销|930
云南红塔银行股份有限公司|公募产品代销|931
焦作中旅银行股份有限公司|公募产品代销|932
宁波慈溪农村商业银行股份有限公司|公募产品代销|933
Shanghai Commercial Bank Limited|公募产品代销|851
UBS AG, Hong Kong Branch|公募产品代销|855
万和证券有限责任公司|管理人TA|F4
万和证券有限责任公司|公募产品代销|703
上海万得投资顾问有限公司|公募产品代销|348
上海东亚期货有限公司|管理人TA|Q9
上海东证期货有限公司|管理人TA|QF
上海东证期货有限公司|公募产品代销|519
上海东证期货有限公司|资管产品直销|559
上海利得基金销售有限公司|公募产品代销|309
上海华富利得资产管理有限公司|管理人TA|5K
上海华富利得资产管理有限公司|资管产品直销|492
上海挖财基金销售有限公司|公募产品代销|152
上海有鱼基金销售有限公司|公募产品代销|159
上海陆享基金销售有限公司|公募产品代销|158
上饶银行股份有限公司|公募产品代销|959
东亚前海证券有限责任公司|管理人TA|FD
东亚前海证券有限责任公司|资管产品直销|786
东亚联丰投资管理有限公司|公募产品代销|845
东吴期货有限公司|管理人TA|Q4
东方阿尔法基金管理有限公司|公募TA|5H
东方阿尔法基金管理有限公司|公募产品直销|414
东证融汇证券资产管理有限公司|管理人TA|AF
东证融汇证券资产管理有限公司|资管产品直销|762
中信中证投资服务有限责任公司|外包TA|S5
中原银行股份有限公司|公募产品代销|934
中国人保资产管理有限公司|公募TA|5F
中国人保资产管理有限公司|公募产品直销|779
中国人寿保险股份有限公司|公募产品代销|810
中国证券登记结算有限责任公司|外包TA|97
中国证券登记结算有限责任公司上海分公司|外包TA|99
中国证券登记结算有限责任公司深圳分公司|外包TA|98
中國農業銀行股份有限公司|公募产品代销|850
中大期货有限公司|管理人TA|QB
中大期货有限公司|公募产品代销|511
中大期货有限公司|资管产品直销|550
中电投先融（上海）资产管理有限公司|管理人TA|R4
中电投先融（上海）资产管理有限公司|资管产品直销|531
中航基金管理有限公司|公募TA|5A
中航基金管理有限公司|公募产品直销|484
中航期货有限公司|管理人TA|QQ
中航期货有限公司|资管产品直销|543
中衍期货有限公司|管理人TA|RA
中衍期货有限公司|公募产品代销|551
中衍期货有限公司|资管产品直销|536
丹东银行股份有限公司|公募产品代销|947
乐视基金销售（青岛）有限公司|公募产品代销|162
九江银行股份有限公司|公募产品代销|945
乾道盈泰基金销售（北京）有限公司|公募产品代销|314
五矿经易期货有限公司|管理人TA|RG
五矿经易期货有限公司|资管产品直销|548
佛山农村商业银行股份有限公司|公募产品代销|939
信达期货有限公司|管理人TA|RB
信达期货有限公司|资管产品直销|537
先锋基金管理有限公司|公募TA|4X
先锋基金管理有限公司|公募产品直销|481
光大期货有限公司|管理人TA|R8
光大期货有限公司|公募产品代销|557
光大期货有限公司|资管产品直销|534
兰州银行股份有限公司|公募产品代销|938
兴证证券资产管理有限公司|管理人TA|FE
兴证证券资产管理有限公司|资管产品直销|723
内蒙古银行股份有限公司|公募产品代销|941
凤凰金信（银川）投资管理有限公司|公募产品代销|349
凯石基金管理有限公司|公募TA|5G
凯石基金管理有限公司|公募产品直销|489
创元期货股份有限公司|管理人TA|QZ
创元期货股份有限公司|资管产品直销|526
北京广源达信投资管理有限公司|公募产品代销|338
北京格上富信基金销售有限公司|公募产品代销|319
北京汇成基金销售有限公司|公募产品代销|328
北京首创期货有限责任公司|管理人TA|RN
北京首创期货有限责任公司|资管产品直销|558
华信期货股份有限公司|管理人TA|RF
华信期货股份有限公司|公募产品代销|549
华信期货股份有限公司|资管产品直销|547
华创期货有限责任公司|管理人TA|R3
华创期货有限责任公司|资管产品直销|530
华商银行|公募产品代销|950
华安未来资产管理（上海）有限公司|管理人TA|4W
华安未来资产管理（上海）有限公司|资管产品直销|480
华泰保兴基金管理有限公司|公募TA|5C
华泰保兴基金管理有限公司|公募产品直销|486
华泰期货有限公司|管理人TA|Q7
华泰期货有限公司|公募产品代销|544
华泰期货有限公司|资管产品直销|539
华泰证券（上海）资产管理有限公司|公募TA|94
华泰证券（上海）资产管理有限公司|公募产品直销|731
华泰证券（上海）资产管理有限公司|管理人TA|94
华泰证券（上海）资产管理有限公司|资管产品直销|731
华菁证券有限公司|管理人TA|FB
华菁证券有限公司|资管产品直销|771
南京苏宁基金销售有限公司|公募产品代销|318
南华基金管理有限公司|公募TA|5E
南华基金管理有限公司|公募产品直销|488
博道基金管理有限公司|公募TA|5L
博道基金管理有限公司|公募产品直销|493
厦门国际银行股份有限公司|公募产品代销|946
和合期货有限公司|公募产品代销|553
和合资产管理（上海）有限公司|管理人TA|RM
和合资产管理（上海）有限公司|资管产品直销|556
唐山银行股份有限公司|公募产品代销|954
喜鹊财富基金销售有限公司|公募产品代销|157
嘉晟瑞信（天津）基金销售有限公司|公募产品代销|151
国富期货有限公司|管理人TA|RD
国富期货有限公司|资管产品直销|542
国投安信期货有限公司|管理人TA|R1
国投安信期货有限公司|资管产品直销|528
国泰君安期货有限公司|管理人TA|QH
国盛证券资产管理有限公司|资管产品直销|724
国联期货股份有限公司|管理人TA|Q5
国融基金管理有限公司|公募TA|5J
国融基金管理有限公司|公募产品直销|424
国金道富投资服务有限公司|外包TA|NB
國泰君安證券（香港）有限公司|公募产品代销|848
大有期货有限公司|公募产品代销|541
大河财富基金销售有限公司|公募产品代销|153
天津国美基金销售有限公司|公募产品代销|339
宁夏银行股份有限公司|公募产品代销|936
宁波鄞州农村商业银行股份有限公司|公募产品代销|953
安盛投资管理亚洲有限公司|公募产品代销|853
宏源期货有限公司|管理人TA|R6
富兰克林邓普顿投资（亚洲）有限公司|公募产品代销|849
富安达资产管理（上海）有限公司|管理人TA|4S
富安达资产管理（上海）有限公司|资管产品直销|478
富荣基金管理有限公司|公募TA|4U
富荣基金管理有限公司|公募产品直销|479
工银瑞信资产管理(国际)有限公司|公募产品代销|844
广永期货有限公司|管理人TA|R9
广永期货有限公司|资管产品直销|535
康宏资产管理有限公司|公募产品代销|846
弘毅远方基金管理有限公司|公募TA|5M
弘毅远方基金管理有限公司|公募产品直销|491
御峰理財有限公司|公募产品代销|847
徽商期货有限责任公司|管理人TA|QJ
徽商期货有限责任公司|公募产品代销|510
徽商期货有限责任公司|资管产品直销|538
恒泰盈沃资产管理有限公司|管理人TA|R7
恒泰盈沃资产管理有限公司|资管产品直销|533
恒生前海基金管理有限公司|公募TA|5B
恒生前海基金管理有限公司|公募产品直销|485
恒越基金管理有限公司|公募TA|2A
恒越基金管理有限公司|公募产品直销|434
招金期货有限公司|管理人TA|QY
新湖期货有限公司|管理人TA|RK
新湖期货有限公司|资管产品直销|560
方正中期期货有限公司|管理人TA|QD
施罗德投资管理（香港）有限公司|公募产品代销|854
晋中银行股份有限公司|公募产品代销|958
杭州科地瑞富基金销售有限公司|公募产品代销|344
柏瑞投资亚洲有限公司|公募产品代销|852
柏瑞爱建资产管理（上海）有限公司|管理人TA|F5
格林基金管理有限公司|公募TA|5D
格林基金管理有限公司|公募产品直销|487
格林大华期货有限公司|管理人TA|QG
武汉农村商业银行股份有限公司|公募产品代销|940
民商基金销售（上海）有限公司|公募产品代销|164
民生期货有限公司|管理人TA|RJ
民生期货有限公司|资管产品直销|561
永安期货股份有限公司|管理人TA|QA
永安期货股份有限公司|公募产品代销|525
汇安基金管理有限责任公司|公募TA|4Y
汇安基金管理有限责任公司|公募产品直销|482
江苏天鼎投资咨询有限公司|公募产品代销|131
江苏汇林保大基金销售有限公司|公募产品代销|150
沈阳麟龙投资顾问有限公司|公募产品代销|128
河南和信证券投资顾问股份有限公司|公募产品代销|132
河南安存基金销售有限公司|公募产品代销|155
泓德基金管理有限公司|公募TA|4D
泓德基金管理有限公司|公募产品直销|462
泰康资产管理有限责任公司|公募TA|4C
泰康资产管理有限责任公司|公募产品直销|806
洪泰财富（青岛）基金销售有限责任公司|公募产品代销|490
浙江富阳农村商业银行股份有限公司|公募产品代销|943
浙江浙商证券资产管理有限公司|公募TA|3T
浙江浙商证券资产管理有限公司|公募产品直销|722
浙江温州瓯海农村商业银行股份有限公司|公募产品代销|944
浙江瑞安农村商业银行股份有限公司|公募产品代销|937
海证期货有限公司|管理人TA|RP
深圳信诚基金销售有限公司|公募产品代销|398
深圳前海凯恩斯基金销售有限公司|公募产品代销|396
深圳前海财厚资产管理有限公司|公募产品代销|399
深圳天风天成资产管理有限公司|管理人TA|R5
深圳天风天成资产管理有限公司|资管产品直销|532
深圳市前海排排网基金销售有限责任公司|公募产品代销|397
深圳市华融金融服务有限公司|公募产品代销|395
深圳市红塔资产管理有限公司|管理人TA|4Q
深圳瑞龙期货有限公司|管理人TA|RL
深圳瑞龙期货有限公司|资管产品直销|554
深圳盈信基金销售有限公司|公募产品代销|329
渤海汇金证券资产管理有限公司|公募TA|4V
渤海汇金证券资产管理有限公司|公募产品直销|756
湖北银行股份有限公司|公募产品代销|948
瑞元资本管理有限公司|管理人TA|6B
瑞元资本管理有限公司|资管产品直销|496
申港证券股份有限公司|管理人TA|FA
申港证券股份有限公司|资管产品直销|768
福建漳州农村商业银行股份有限公司|公募产品代销|949
福建石狮农村商业银行股份有限公司|公募产品代销|951
腾安基金销售（深圳）有限公司|公募产品代销|163
苏州财路基金销售有限公司|公募产品代销|160
营口银行股份有限公司|公募产品代销|942
蜂巢基金管理有限公司|公募TA|6A
蜂巢基金管理有限公司|公募产品直销|495
西部期货有限公司|管理人TA|QR
西部期货有限公司|公募产品代销|555
财达期货有限公司|管理人TA|RC
财达期货有限公司|资管产品直销|540
贵州华阳众惠基金销售有限公司|公募产品代销|154
贵州省贵文文化基金销售有限公司|公募产品代销|161
贵州银行股份有限公司|公募产品代销|956
资舟基金销售有限公司|公募产品代销|156
赣州银行股份有限公司|公募产品代销|957
金惠家保险代理有限公司|公募产品代销|809
鑫鼎盛期货有限公司|管理人TA|RQ
鑫鼎盛期货有限公司|资管产品直销|562
银河金汇证券资产管理有限公司|资管产品直销|788
长安财富资产管理有限公司|管理人TA|4H
长春发展农村商业银行股份有限公司|公募产品代销|955
长江期货股份有限公司|管理人TA|RE
长江期货股份有限公司|公募产品代销|546
长江期货股份有限公司|资管产品直销|545
阜新银行股份有限公司|公募产品代销|952
青松基金管理有限公司|公募TA|5N
青松基金管理有限公司|公募产品直销|494
青海银行股份有限公司|公募产品代销|935
首创京都期货有限公司|管理人TA|QT
鹏扬基金管理有限公司|公募TA|4Z
鹏扬基金管理有限公司|公募产品直销|483
